{
	"conditions": [{
		"type": "apotheosis:module",
		"module": "enchantment"
	}],
	"weight": 5,
	"quality": 1.5,
	"dimensions": [
		"the_nether"
	],
	"unique": true,
	"min_rarity": "rare",
	"bonuses": [
		{
			"type": "apotheosis:attribute",
			"gem_class": {
				"key": "heavy_weapon",
				"types": [
					"heavy_weapon"
				]
			},
			"attribute": "apotheosis:fire_damage",
			"operation": "ADDITION",
			"values": {
				"rare": 6,
				"epic": 8,
				"mythic": 10,
				"ancient": 12.5
			}
		},
		{
			"type": "apotheosis:mob_effect",
			"gem_class": {
				"key": "light_weapon",
				"types": [
					"sword",
					"trident"
				]
			},
			"mob_effect": "apotheosis:detonation",
			"target": "attack_target",
			"values": {
				"mythic": {
					"duration": 100,
					"amplifier": 0,
					"cooldown": 1200
				},
				"ancient": {
					"duration": 100,
					"amplifier": 1,
					"cooldown": 1200
				}
			}
		},
		{
			"type": "apotheosis:enchantment",
			"gem_class": {
				"key": "chestplate",
				"types": [
					"chestplate"
				]
			},
			"enchantment": "apotheosis:berserkers_fury",
			"values": {
				"rare": 1,
				"epic": 1,
				"mythic": 2,
				"ancient": 2
			}
		},
		{
			"type": "apotheosis:enchantment",
			"gem_class": {
				"key": "breaker",
				"types": [
					"shovel",
					"pickaxe"
				]
			},
			"enchantment": "efficiency",
			"values": {
				"rare": 1,
				"epic": 2,
				"mythic": 3,
				"ancient": 4
			}
		},
		{
			"type": "apotheosis:attribute",
			"gem_class": {
				"key": "helmet",
				"types": [
					"helmet"
				]
			},
			"attribute": "apotheosis:fire_damage",
			"operation": "MULTIPLY_TOTAL",
			"values": {
				"rare": 0.50,
				"epic": 0.625,
				"mythic": 0.75,
				"ancient": 0.90
			}
		},
		{
			"type": "apotheosis:attribute",
			"gem_class": {
				"key": "curios",
				"types": [
					"curios:ring",
					"curios:head",
					"curios:necklace",
					"curios:back",
					"curios:an_focus",
					"curios:body",
					"curios:hands",
					"curios:belt",
					"curios:charm",
					"curios:feet",
					"curios:curio",
					"curios:klein_star",
					"curios:aether_pendant",
					"curios:aether_gloves",
					"curios:aether_cape",
					"curios:aether_ring",
					"curios:aether_pendant",
					"curios:aether_shield",
					"curios:aether_accessory"
				]
			},
			"attribute": "apotheosis:fire_damage",
			"operation": "ADDITION",
			"values": {
				"common": 0.5,
				"uncommon": 0.75,
				"rare": 1.25
			}
		}
	]
}