{
	"type": "apotheosis:mob_effect",
	"mob_effect": "minecraft:slowness",
	"target": "ARROW_TARGET",
	"values": {
		"rare": {
			"duration": {
				"min": 20,
				"steps": 2,
				"step": 20
			},
			"amplifier": 0,
			"cooldown": 100
		},
		"epic": {
			"duration": {
				"min": 40,
				"steps": 3,
				"step": 20
			},
			"amplifier": {
				"min": 0,
				"steps": 4,
				"step": 0.26
			},
			"cooldown": 160
		},
		"mythic": {
			"duration": {
				"min": 40,
				"steps": 3,
				"step": 20
			},
			"amplifier": {
				"min": 0,
				"steps": 4,
				"step": 0.26
			},
			"cooldown": 160
		},
		"ancient": {
			"duration": {
				"min": 120,
				"steps": 6,
				"step": 40
			},
			"amplifier": 5,
			"cooldown": 400
		}
	},
	"types": [
		"curios:necklace"
	]
}