{
	"type": "apotheosis:attribute",
	"attribute": "apotheosis:draw_speed",
	"operation": "ADDITION",
	"values": {
		"common": {
			"min": 0.2,
			"steps": 2,
			"step": 0.1
		},
		"uncommon": {
			"min": 0.2,
			"steps": 2,
			"step": 0.1
		},
		"rare": {
			"min": 0.3,
			"steps": 3,
			"step": 0.15
		},
		"epic": {
			"min": 0.5,
			"steps": 3,
			"step": 0.25
		},
		"mythic": {
			"min": 0.5,
			"steps": 3,
			"step": 0.25
		},
		"ancient": {
			"min": 1,
			"steps": 3,
			"step": 0.25
		}
	},
	"types": [
		"curios:ring",
		"curios:head",
		"curios:necklace",
		"curios:back",
		"curios:an_focus",
		"curios:bangle",
		"curios:body",
		"curios:bundle",
		"curios:quiver",
		"curios:spellstone",
		"curios:bracelet",
		"curios:hands",
		"curios:belt",
		"curios:charm",
		"curios:feet",
		"curios:curio",
		"curios:klein_star",
		"curios:aether_pendant",
		"curios:aether_gloves",
		"curios:aether_cape",
		"curios:aether_ring",
		"curios:aether_pendant",
		"curios:aether_shield",
		"curios:aether_accessory"
	]
}