{
    "type": "apotheosis:attribute",
    "attribute": "minecraft:generic.movement_speed",
    "operation": "MULTIPLY_TOTAL",
    "values": {
        "common": {
            "min": 0.01,
            "steps": 1,
            "step": 0.01
        },
        "uncommon": {
            "min": 0.02,
            "steps": 3,
            "step": 0.01
        },
        "rare": {
            "min": 0.03,
            "steps": 5,
            "step": 0.01
        },
        "epic": {
            "min": 0.04,
            "steps": 6,
            "step": 0.01
        },
        "mythic": {
            "min": 0.05,
            "steps": 7,
            "step": 0.01
        },
        "ancient": {
            "min": 0.05,
            "steps": 10,
            "step": 0.01
        }
    },
    "types": [
        "curios:ring"
    ]
}