{
    "type": "apotheosis:attribute",
    "attribute": "minecraft:generic.max_health",
    "operation": "ADDITION",
    "values": {
        "common": {
            "min": 1,
            "steps": 1,
            "step": 1
        },
        "uncommon": {
            "min": 2,
            "steps": 2,
            "step": 1
        },
        "rare": {
            "min": 3,
            "steps": 2,
            "step": 1
        },
        "epic": {
            "min": 4,
            "steps": 3,
            "step": 1
        },
        "mythic": {
            "min": 5,
            "steps": 4,
            "step": 1
        },
        "ancient": {
            "min": 5,
            "steps": 6,
            "step": 1
        }
    },
    "types": [
        "curios:ring"
    ]
}