{
    "type": "apotheosis:attribute",
    "attribute": "minecraft:generic.max_health",
    "operation": "MULTIPLY_TOTAL",
  "values": {
    "common": {
      "min": 0.01,
      "steps": 3,
      "step": 0.01
    },
    "uncommon": {
      "min": 0.04,
      "steps": 4,
      "step": 0.01
    },
    "rare": {
      "min": 0.08,
      "steps": 5,
      "step": 0.01
    },
    "epic": {
      "min": 0.12,
      "steps": 4,
      "step": 0.01
    },
    "mythic": {
      "min": 0.16,
      "steps": 4,
      "step": 0.01
    },
    "ancient": {
      "min": 0.20,
      "steps": 5,
      "step": 0.01
    }
  },
  "types": [
    "curios:ring",
    "curios:head",
    "curios:necklace",
    "curios:back",
    "curios:an_focus",
    "curios:bangle",
    "curios:body",
    "curios:bundle",
    "curios:quiver",
    "curios:spellstone",
    "curios:bracelet",
    "curios:hands",
    "curios:belt",
    "curios:charm",
    "curios:feet",
    "curios:curio",
    "curios:klein_star",
    "curios:aether_pendant",
    "curios:aether_gloves",
    "curios:aether_cape",
    "curios:aether_ring",
    "curios:aether_pendant",
    "curios:aether_shield",
    "curios:aether_accessory"
  ]
}