{
	"conditions": [{
		"type": "forge:mod_loaded",
		"modid": "ars_nouveau"
	}],
	"type": "apotheosis:attribute",
	"attribute": "ars_nouveau:ars_nouveau.perk.flat_max_mana",
	"operation": "ADDITION",
	"values": {
		"common": {
			"min": 1,
			"steps": 4,
			"step": 1
		},
		"uncommon": {
			"min": 5,
			"steps": 5,
			"step": 1
		},
		"rare": {
			"min": 10,
			"steps": 5,
			"step": 1
		},
		"epic": {
			"min": 15,
			"steps": 5,
			"step": 1
		},
		"mythic": {
			"min": 20,
			"steps": 5,
			"step": 1
		},
		"ancient": {
			"min": 25,
			"steps": 5,
			"step": 1
		}
	},
	"types": [
		"curios:ring",
		"curios:head",
		"curios:necklace",
		"curios:back",
		"curios:an_focus",
		"curios:bangle",
		"curios:body",
		"curios:bundle",
		"curios:quiver",
		"curios:spellstone",
		"curios:bracelet",
		"curios:hands",
		"curios:belt",
		"curios:charm",
		"curios:feet",
		"curios:curio",
		"curios:klein_star",
		"curios:aether_pendant",
		"curios:aether_gloves",
		"curios:aether_cape",
		"curios:aether_ring",
		"curios:aether_pendant",
		"curios:aether_shield",
		"curios:aether_accessory"
	]
}