{
	"type": "apotheosis:attribute",
	"attribute": "minecraft:generic.attack_damage",
	"operation": "ADDITION",
	"values": {
		"common": {
			"min": 0.5,
			"steps": 0,
			"step": 0
		},
		"uncommon": {
			"min": 0.5,
			"steps": 1,
			"step": 0.5
		},
		"rare": {
			"min": 1,
			"steps": 1,
			"step": 0.5
		},
		"epic": {
			"min": 1.5,
			"steps": 1,
			"step": 0.5
		},
		"mythic": {
			"min": 2,
			"steps": 1,
			"step": 0.5
		},
		"ancient": {
			"min": 2.5,
			"steps": 1,
			"step": 0.5
		}
	},
	"types": [
		"curios:ring",
		"curios:head",
		"curios:necklace",
		"curios:back",
		"curios:an_focus",
		"curios:bangle",
		"curios:body",
		"curios:bundle",
		"curios:quiver",
		"curios:spellstone",
		"curios:bracelet",
		"curios:hands",
		"curios:belt",
		"curios:charm",
		"curios:feet",
		"curios:curio",
		"curios:klein_star",
		"curios:aether_pendant",
		"curios:aether_gloves",
		"curios:aether_cape",
		"curios:aether_ring",
		"curios:aether_pendant",
		"curios:aether_shield",
		"curios:aether_accessory"
	]
}