{
	"variant": "ballast",
	"weight": 10,
	"quality": 0,
	"dimensions": [
	],
	"bonuses": [
		{
			"type": "apotheosis:attribute",
			"gem_class": {
				"key": "light_weapon",
				"types": [
					"sword",
					"trident"
				]
			},
			"attribute": "minecraft:generic.attack_damage",
			"operation": "ADDITION",
			"values": {
				"common": 1,
				"uncommon": 2,
				"rare": 3.5,
				"epic": 5,
				"mythic": 7,
				"ancient": 10
			}
		},
		{
			"type": "apotheosis:attribute",
			"gem_class": {
				"key": "heavy_weapon",
				"types": [
					"heavy_weapon"
				]
			},
			"attribute": "minecraft:generic.attack_damage",
			"operation": "ADDITION",
			"values": {
				"common": 2,
				"uncommon": 4,
				"rare": 5,
				"epic": 7,
				"mythic": 9,
				"ancient": 13
			}
		},
		{
			"type": "apotheosis:durability",
			"gem_class": {
				"key": "breaker",
				"types": [
					"pickaxe",
					"shovel"
				]
			},
			"values": {
				"common": 0.10,
				"uncommon": 0.15,
				"rare": 0.25,
				"epic": 0.35,
				"mythic": 0.45,
				"ancient": 0.60
			}
		},
		{
			"type": "apotheosis:attribute",
			"gem_class": {
				"key": "core_armor",
				"types": [
					"chestplate",
					"leggings"
				]
			},
			"attribute": "minecraft:generic.knockback_resistance",
			"operation": "ADDITION",
			"values": {
				"common": 0.1,
				"uncommon": 0.2,
				"rare": 0.3,
				"epic": 0.4,
				"mythic": 0.5,
				"ancient": 0.7
			}
		},
		{
			"type": "apotheosis:attribute",
			"gem_class": {
				"key": "curios",
				"types": [
					"curios:ring",
					"curios:head",
					"curios:necklace",
					"curios:back",
					"curios:an_focus",
					"curios:body",
					"curios:hands",
					"curios:belt",
					"curios:charm",
					"curios:feet",
					"curios:curio",
					"curios:klein_star",
					"curios:aether_pendant",
					"curios:aether_gloves",
					"curios:aether_cape",
					"curios:aether_ring",
					"curios:aether_pendant",
					"curios:aether_shield",
					"curios:aether_accessory"
				]
			},
			"attribute": "minecraft:generic.attack_damage",
			"operation": "ADDITION",
			"values": {
				"common": 0.5,
				"uncommon": 1,
				"rare": 1.75
			}
		}
	]
}