{
	"variant": "brawlers",
	"weight": 10,
	"quality": 0,
	"dimensions": [
	],
	"bonuses": [
		{
			"type": "apotheosis:attribute",
			"gem_class": {
				"key": "light_weapon",
				"types": [
					"sword",
					"trident"
				]
			},
			"attribute": "minecraft:generic.attack_speed",
			"operation": "MULTIPLY_BASE",
			"values": {
				"common": 0.10,
				"uncommon": 0.15,
				"rare": 0.20,
				"epic": 0.25,
				"mythic": 0.35,
				"ancient": 0.50
			}
		},
		{
			"type": "apotheosis:attribute",
			"gem_class": {
				"key": "core_armor",
				"types": [
					"leggings",
					"chestplate"
				]
			},
			"attribute": "minecraft:generic.max_health",
			"operation": "ADDITION",
			"values": {
				"common": 1,
				"uncommon": 2,
				"rare": 4,
				"epic": 6,
				"mythic": 8,
				"ancient": 10
			}
		},
		{
			"type": "apotheosis:attribute",
			"gem_class": {
				"key": "heavy_weapon",
				"types": [
					"heavy_weapon"
				]
			},
			"attribute": "apotheosis:armor_pierce",
			"operation": "ADDITION",
			"values": {
				"common": 1,
				"uncommon": 2.5,
				"rare": 5,
				"epic": 7,
				"mythic": 9,
				"ancient": 14
			}
		},
		{
			"type": "apotheosis:attribute",
			"gem_class": {
				"key": "shield",
				"types": [
					"shield"
				]
			},
			"attribute": "minecraft:generic.max_health",
			"operation": "MULTIPLY_TOTAL",
			"values": {
				"common": 0.05,
				"uncommon": 0.10,
				"rare": 0.15,
				"epic": 0.20,
				"mythic": 0.25,
				"ancient": 0.30
			}
		},
		{
			"type": "apotheosis:attribute",
			"gem_class": {
				"key": "curios",
				"types": [
					"curios:ring",
					"curios:head",
					"curios:necklace",
					"curios:back",
					"curios:an_focus",
					"curios:body",
					"curios:hands",
					"curios:belt",
					"curios:charm",
					"curios:feet",
					"curios:curio",
					"curios:klein_star",
					"curios:aether_pendant",
					"curios:aether_gloves",
					"curios:aether_cape",
					"curios:aether_ring",
					"curios:aether_pendant",
					"curios:aether_shield",
					"curios:aether_accessory"
				]
			},
			"attribute": "minecraft:generic.max_health",
			"operation": "ADDITION",
			"values": {
				"common": 0.5,
				"uncommon": 0.75,
				"rare": 1
			}
		}
	]
}