{
	"variant": "breach",
	"weight": 10,
	"quality": 0,
	"dimensions": [
	],
	"bonuses": [{
			"type": "apotheosis:attribute",
			"gem_class": {
				"key": "light_weapon",
				"types": [
					"sword",
					"trident"
				]
			},
			"attribute": "apotheosis:armor_pierce",
			"operation": "ADDITION",
			"values": {
				"common": 0.5,
				"uncommon": 1,
				"rare": 2,
				"epic": 2.75,
				"mythic": 3.5,
				"ancient": 5.5
			}
		},
		{
			"type": "apotheosis:attribute",
			"gem_class": {
				"key": "heavy_weapon",
				"types": [
					"heavy_weapon"
				]
			},
			"attribute": "apotheosis:armor_shred",
			"operation": "ADDITION",
			"values": {
				"common": 0.05,
				"uncommon": 0.10,
				"rare": 0.125,
				"epic": 0.15,
				"mythic": 0.175,
				"ancient": 0.25
			}
		},
		{
			"type": "apotheosis:attribute",
			"gem_class": {
				"key": "breaker",
				"types": [
					"shovel",
					"pickaxe"
				]
			},
			"attribute": "forge:reach_distance",
			"operation": "ADDITION",
			"values": {
				"common": 0.5,
				"uncommon": 1,
				"rare": 1.5,
				"epic": 2,
				"mythic": 2.5,
				"ancient": 3
			}
		},
		{
			"type": "apotheosis:attribute",
			"gem_class": {
				"key": "ranged_weapon",
				"types": [
					"bow",
					"crossbow"
				]
			},
			"attribute": "apotheosis:prot_pierce",
			"operation": "ADDITION",
			"values": {
				"common": 0.5,
				"uncommon": 1,
				"rare": 2,
				"epic": 3,
				"mythic": 4,
				"ancient": 5
			}
		},
		{
			"type": "apotheosis:attribute",
			"gem_class": {
				"key": "curios",
				"types": [
					"curios:ring",
					"curios:head",
					"curios:necklace",
					"curios:back",
					"curios:an_focus",
					"curios:body",
					"curios:hands",
					"curios:belt",
					"curios:charm",
					"curios:feet",
					"curios:curio",
					"curios:klein_star",
					"curios:aether_pendant",
					"curios:aether_gloves",
					"curios:aether_cape",
					"curios:aether_ring",
					"curios:aether_pendant",
					"curios:aether_shield",
					"curios:aether_accessory"
				]
			},
			"attribute": "apotheosis:armor_pierce",
			"operation": "ADDITION",
			"values": {
				"common": 0.25,
				"uncommon": 0.5,
				"rare": 1
			}
		}
	]
}