{
	"variant": "combatant",
	"weight": 10,
	"quality": 0,
	"dimensions": [
	],
	"unique": true,
	"bonuses": [
		{
			"type": "apotheosis:attribute",
			"gem_class": {
				"key": "ranged_weapon",
				"types": [
					"trident",
					"bow",
					"crossbow"
				]
			},
			"attribute": "apotheosis:arrow_damage",
			"operation": "MULTIPLY_BASE",
			"values": {
				"common": 0.05,
				"uncommon": 0.15,
				"rare": 0.20,
				"epic": 0.30,
				"mythic": 0.40,
				"ancient": 0.50
			}
		},
		{
			"type": "apotheosis:damage_reduction",
			"gem_class": {
				"key": "core_armor",
				"types": [
					"chestplate",
					"leggings"
				]
			},
			"damage_type": "physical",
			"values": {
				"common": 0.05,
				"uncommon": 0.075,
				"rare": 0.125,
				"epic": 0.175,
				"mythic": 0.225,
				"ancient": 0.275
			}
		},
		{
			"type": "apotheosis:durability",
			"gem_class": {
				"key": "melee_weapon",
				"types": [
					"sword",
					"heavy_weapon"
				]
			},
			"values": {
				"common": 0.05,
				"uncommon": 0.10,
				"rare": 0.15,
				"epic": 0.225,
				"mythic": 0.30,
				"ancient": 0.40
			}
		},
		{
			"type": "apotheosis:damage_reduction",
			"gem_class": {
				"key": "curios",
				"types": [
					"curios:ring",
					"curios:head",
					"curios:necklace",
					"curios:back",
					"curios:an_focus",
					"curios:body",
					"curios:hands",
					"curios:belt",
					"curios:charm",
					"curios:feet",
					"curios:curio",
					"curios:klein_star",
					"curios:aether_pendant",
					"curios:aether_gloves",
					"curios:aether_cape",
					"curios:aether_ring",
					"curios:aether_pendant",
					"curios:aether_shield",
					"curios:aether_accessory"
				]
			},
			"damage_type": "physical",
			"values": {
				"common": 0.025,
				"uncommon": 0.0375,
				"rare": 0.0535
			}
		}
	]
}