{
	"variant": "lightning",
	"weight": 10,
	"quality": 0,
	"dimensions": [
	],
	"bonuses": [
		{
			"type": "apotheosis:attribute",
			"gem_class": {
				"key": "ranged_weapon",
				"types": [
					"bow",
					"crossbow"
				]
			},
			"attribute": "apotheosis:arrow_velocity",
			"operation": "MULTIPLY_BASE",
			"values": {
				"common": 0.05,
				"uncommon": 0.15,
				"rare": 0.25,
				"epic": 0.35,
				"mythic": 0.425,
				"ancient": 0.55
			}
		},
		{
			"type": "apotheosis:attribute",
			"gem_class": {
				"key": "breaker",
				"types": [
					"shovel",
					"pickaxe"
				]
			},
			"attribute": "apotheosis:mining_speed",
			"operation": "ADDITION",
			"values": {
				"common": 0.05,
				"uncommon": 0.15,
				"rare": 0.25,
				"epic": 0.35,
				"mythic": 0.425,
				"ancient": 0.50
			}
		},
		{
			"type": "apotheosis:attribute",
			"gem_class": {
				"key": "lower_armor",
				"types": [
					"boots",
					"leggings"
				]
			},
			"attribute": "minecraft:generic.movement_speed",
			"operation": "MULTIPLY_TOTAL",
			"values": {
				"common": 0.10,
				"uncommon": 0.225,
				"rare": 0.375,
				"epic": 0.40,
				"mythic": 0.55,
				"ancient": 0.70
			}
		},
		{
			"type": "apotheosis:attribute",
			"gem_class": {
				"key": "curios",
				"types": [
					"curios:ring",
					"curios:head",
					"curios:necklace",
					"curios:back",
					"curios:an_focus",
					"curios:body",
					"curios:hands",
					"curios:belt",
					"curios:charm",
					"curios:feet",
					"curios:curio",
					"curios:klein_star",
					"curios:aether_pendant",
					"curios:aether_gloves",
					"curios:aether_cape",
					"curios:aether_ring",
					"curios:aether_pendant",
					"curios:aether_shield",
					"curios:aether_accessory"
				]
			},
			"attribute": "minecraft:generic.movement_speed",
			"operation": "MULTIPLY_TOTAL",
			"values": {
				"common": 0.05,
				"uncommon": 0.1125,
				"rare": 0.1875
			}
		}
	]
}