{
	"variant": "solar",
	"weight": 10,
	"quality": 0,
	"dimensions": [
	],
	"bonuses": [
		{
			"type": "apotheosis:attribute",
			"gem_class": {
				"key": "light_weapon",
				"types": [
					"sword",
					"trident"
				]
			},
			"attribute": "apotheosis:fire_damage",
			"operation": "ADDITION",
			"values": {
				"common": 1,
				"uncommon": 1.5,
				"rare": 2.5,
				"epic": 4,
				"mythic": 6,
				"ancient": 8
			}
		},
		{
			"type": "apotheosis:attribute",
			"gem_class": {
				"key": "core_armor",
				"types": [
					"chestplate",
					"leggings"
				]
			},
			"attribute": "forge:entity_gravity",
			"operation": "MULTIPLY_TOTAL",
			"values": {
				"common": 0.10,
				"uncommon": 0.25,
				"rare": 0.45,
				"epic": 0.65,
				"mythic": 0.85,
				"ancient": 1.04
			}
		},
		{
			"type": "apotheosis:attribute",
			"gem_class": {
				"key": "boots",
				"types": [
					"boots"
				]
			},
			"attribute": "forge:step_height_addition",
			"operation": "ADDITION",
			"values": {
				"common": 0.25,
				"uncommon": 0.5,
				"rare": 1,
				"epic": 1.5,
				"mythic": 2,
				"ancient": 3
			}
		},
		{
			"type": "apotheosis:attribute",
			"gem_class": {
				"key": "curios",
				"types": [
					"curios:ring",
					"curios:head",
					"curios:necklace",
					"curios:back",
					"curios:an_focus",
					"curios:body",
					"curios:hands",
					"curios:belt",
					"curios:charm",
					"curios:feet",
					"curios:curio",
					"curios:klein_star",
					"curios:aether_pendant",
					"curios:aether_gloves",
					"curios:aether_cape",
					"curios:aether_ring",
					"curios:aether_pendant",
					"curios:aether_shield",
					"curios:aether_accessory"
				]
			},
			"attribute": "apotheosis:fire_damage",
			"operation": "ADDITION",
			"values": {
				"common": 0.5,
				"uncommon": 0.75,
				"rare": 1.25
			}
		}
	]
}