{
	"variant": "splendor",
	"weight": 10,
	"quality": 0,
	"dimensions": [
	],
	"bonuses": [
		{
			"type": "apotheosis:attribute",
			"gem_class": {
				"key": "core_armor",
				"types": [
					"chestplate",
					"leggings"
				]
			},
			"attribute": "minecraft:generic.luck",
			"operation": "ADDITION",
			"values": {
				"common": 0.5,
				"uncommon": 1.5,
				"rare": 2.75,
				"epic": 4,
				"mythic": 5,
				"ancient": 6
			}
		},
		{
			"type": "apotheosis:attribute",
			"gem_class": {
				"key": "weapon_or_tool",
				"types": [
					"sword",
					"trident",
					"bow",
					"crossbow",
					"heavy_weapon",
					"shovel",
					"pickaxe"
				]
			},
			"attribute": "apotheosis:experience_gained",
			"operation": "MULTIPLY_TOTAL",
			"values": {
				"common": 0.075,
				"uncommon": 0.15,
				"rare": 0.225,
				"epic": 0.3,
				"mythic": 0.35,
				"ancient": 0.4
			}
		},
		{
			"type": "apotheosis:attribute",
			"gem_class": {
				"key": "boots",
				"types": [
					"boots"
				]
			},
			"attribute": "minecraft:generic.movement_speed",
			"operation": "MULTIPLY_TOTAL",
			"values": {
				"common": 0.10,
				"uncommon": 0.25,
				"rare": 0.35,
				"epic": 0.45,
				"mythic": 0.55,
				"ancient": 0.70
			}
		},
		{
			"type": "apotheosis:attribute",
			"gem_class": {
				"key": "curios",
				"types": [
					"curios:ring",
					"curios:head",
					"curios:necklace",
					"curios:back",
					"curios:an_focus",
					"curios:body",
					"curios:hands",
					"curios:belt",
					"curios:charm",
					"curios:feet",
					"curios:curio",
					"curios:klein_star",
					"curios:aether_pendant",
					"curios:aether_gloves",
					"curios:aether_cape",
					"curios:aether_ring",
					"curios:aether_pendant",
					"curios:aether_shield",
					"curios:aether_accessory"
				]
			},
			"attribute": "minecraft:generic.luck",
			"operation": "ADDITION",
			"values": {
				"common": 0.25,
				"uncommon": 0.75,
				"rare": 1.375
			}
		}
	]
}